{"cameraMode":{"drawMode":0,"name":"Shaded","section":"Shading Mode"},"sceneLighting":true,"audioPlay":false,"sceneViewState":{"m_AlwaysRefresh":false,"showFog":true,"showSkybox":true,"showFlares":true,"showImageEffects":true,"showParticleSystems":true,"showVisualEffectGraphs":true,"m_FxEnabled":true},"in2DMode":false,"pivot":{"x":55.317203521728519,"y":-0.6672368049621582,"z":35.97111892700195},"rotation":{"x":0.12131165713071823,"y":0.05654200538992882,"z":-0.006921686697751284,"w":0.9909791946411133},"size":26.821718215942384,"orthographic":false}